actor_loss,alpha_loss,avg_rewards,entropy,epoch,explained_variance,gap_ratio,value_loss,var_gap_ratio
-0.05365539714694023,-5.7545976638793945,-36794.1171875,1.3732352256774902,0,9.5367431640625e-07,0.7242075204849243,320115488.0,0.013705127872526646
