actor_loss,alpha_loss,avg_rewards,entropy,epoch,explained_variance,gap_ratio,value_loss,var_gap_ratio
-0.05349000543355942,-5.754590034484863,-36936.52734375,1.3732331991195679,0,7.748603820800781e-07,0.724345862865448,320115328.0,0.013835534453392029
